{"cameraMode":{"drawMode":0,"name":"Shaded","section":"Shading Mode"},"sceneLighting":false,"audioPlay":false,"sceneViewState":{"showFog":true,"showMaterialUpdate":true,"showSkybox":false,"showFlares":true,"showImageEffects":true,"showParticleSystems":true},"in2DMode":false,"pivot":{"x":-3.8393168449401857,"y":14.767521858215332,"z":1.9815123081207276},"rotation":{"x":0.7541758418083191,"y":3.2561606189140948e-10,"z":-1.2208442590200264e-10,"w":0.6566725969314575},"size":2.2463979721069338,"orthographic":false}