{"cameraMode":{"drawMode":0,"name":"Shaded","section":"Shading Mode"},"sceneLighting":false,"audioPlay":false,"sceneViewState":{"showFog":true,"showMaterialUpdate":true,"showSkybox":true,"showFlares":true,"showImageEffects":true,"showParticleSystems":true},"in2DMode":false,"pivot":{"x":2.862935781478882,"y":1.4289073944091797,"z":2.3803253173828127},"rotation":{"x":0.27762824296951296,"y":-0.0014411425217986107,"z":0.00041646024328656495,"w":0.9606873989105225},"size":36.291282653808597,"orthographic":false}